{
    "0": 0.38315,
    "1": 0.1772,
    "2": 0.10535,
    "3": 0.0712,
    "4": 0.05145,
    "5": 0.0392,
    "6": 0.03055,
    "7": 0.02505,
    "8": 0.0207,
    "9": 0.01665,
    "10": 0.01385,
    "11": 0.0116,
    "12": 0.0089,
    "13": 0.00835,
    "14": 0.00685,
    "15": 0.0058,
    "16": 0.00525,
    "18": 0.00335,
    "17": 0.00315,
    "19": 0.0024,
    "20": 0.0022,
    "21": 0.00165,
    "22": 0.00135,
    "24": 0.00095,
    "25": 0.0009,
    "23": 0.0008,
    "28": 0.00055,
    "26": 0.0004,
    "30": 0.0004,
    "29": 0.0003,
    "27": 0.0003,
    "32": 0.0001,
    "35": 5e-05,
    "34": 5e-05
}