{
    "0": 0.38875,
    "1": 0.21235,
    "2": 0.1226,
    "3": 0.08445,
    "4": 0.05535,
    "5": 0.0387,
    "6": 0.0284,
    "7": 0.0194,
    "8": 0.01365,
    "9": 0.0099,
    "10": 0.0074,
    "11": 0.0057,
    "12": 0.00395,
    "13": 0.0029,
    "14": 0.00185,
    "15": 0.0015,
    "16": 0.0007,
    "17": 0.00065,
    "18": 0.00055,
    "19": 0.00045,
    "20": 0.00025,
    "22": 0.0002,
    "21": 0.0002,
    "25": 5e-05,
    "27": 5e-05,
    "24": 5e-05
}