{
    "0": 0.3972,
    "1": 0.15025,
    "2": 0.0889,
    "3": 0.05695,
    "4": 0.04395,
    "5": 0.0334,
    "6": 0.0268,
    "7": 0.0242,
    "8": 0.0205,
    "9": 0.0172,
    "10": 0.0158,
    "11": 0.0134,
    "12": 0.01225,
    "13": 0.00985,
    "14": 0.00905,
    "15": 0.0079,
    "16": 0.0074,
    "17": 0.00615,
    "19": 0.00605,
    "18": 0.00515,
    "22": 0.00415,
    "20": 0.00405,
    "23": 0.0035,
    "21": 0.00345,
    "24": 0.0031,
    "25": 0.0027,
    "26": 0.0025,
    "27": 0.00245,
    "28": 0.00205,
    "29": 0.00195,
    "31": 0.0014,
    "30": 0.00135,
    "36": 0.00125,
    "32": 0.00125,
    "37": 0.0012,
    "34": 0.0011,
    "35": 0.00105,
    "33": 0.00095,
    "38": 0.00075,
    "39": 0.0006,
    "41": 0.0006,
    "40": 0.00045,
    "55": 0.0004,
    "48": 0.0004,
    "43": 0.0004,
    "42": 0.0004,
    "44": 0.0004,
    "51": 0.00035,
    "47": 0.0003,
    "49": 0.0003,
    "46": 0.0003,
    "45": 0.0003,
    "56": 0.0003,
    "57": 0.0002,
    "53": 0.0002,
    "68": 0.00015,
    "50": 0.00015,
    "52": 0.00015,
    "58": 0.00015,
    "54": 0.0001,
    "61": 0.0001,
    "64": 0.0001,
    "72": 0.0001,
    "65": 5e-05,
    "60": 5e-05,
    "71": 5e-05,
    "85": 5e-05,
    "74": 5e-05,
    "75": 5e-05,
    "94": 5e-05,
    "59": 5e-05,
    "73": 5e-05,
    "76": 5e-05,
    "67": 5e-05
}