{
    "0": 0.29495,
    "1": 0.1501,
    "2": 0.09155,
    "3": 0.06545,
    "4": 0.0492,
    "5": 0.0405,
    "6": 0.0333,
    "7": 0.02635,
    "8": 0.0241,
    "9": 0.0211,
    "10": 0.0184,
    "11": 0.01595,
    "12": 0.0155,
    "13": 0.013,
    "14": 0.01285,
    "16": 0.0106,
    "17": 0.0105,
    "15": 0.0099,
    "18": 0.00895,
    "19": 0.0082,
    "20": 0.00695,
    "23": 0.0059,
    "21": 0.0056,
    "22": 0.0056,
    "24": 0.00495,
    "25": 0.0045,
    "26": 0.00425,
    "27": 0.0038,
    "29": 0.00345,
    "28": 0.0032,
    "30": 0.003,
    "33": 0.0026,
    "32": 0.00255,
    "31": 0.0025,
    "35": 0.00215,
    "34": 0.0016,
    "37": 0.0014,
    "38": 0.0014,
    "36": 0.0014,
    "40": 0.00135,
    "39": 0.00115,
    "42": 0.00105,
    "41": 0.0009,
    "45": 0.0008,
    "44": 0.00075,
    "43": 0.0007,
    "46": 0.0006,
    "52": 0.00055,
    "51": 0.00055,
    "49": 0.0005,
    "53": 0.00045,
    "50": 0.0004,
    "47": 0.00035,
    "54": 0.00035,
    "57": 0.0003,
    "48": 0.00025,
    "69": 0.00025,
    "56": 0.0002,
    "65": 0.00015,
    "58": 0.00015,
    "60": 0.0001,
    "63": 0.0001,
    "59": 0.0001,
    "68": 0.0001,
    "55": 0.0001,
    "83": 5e-05,
    "61": 5e-05,
    "70": 5e-05,
    "62": 5e-05,
    "95": 5e-05,
    "64": 5e-05,
    "67": 5e-05,
    "75": 5e-05,
    "66": 5e-05,
    "73": 5e-05
}