{
    "0": 0.2965,
    "1": 0.1848,
    "2": 0.1208,
    "3": 0.0871,
    "4": 0.06155,
    "5": 0.0479,
    "6": 0.03715,
    "7": 0.03205,
    "8": 0.02515,
    "9": 0.02105,
    "10": 0.0171,
    "11": 0.0121,
    "12": 0.01205,
    "13": 0.0082,
    "14": 0.00795,
    "15": 0.0062,
    "16": 0.00505,
    "17": 0.0042,
    "18": 0.0032,
    "19": 0.00205,
    "20": 0.00195,
    "21": 0.0019,
    "22": 0.0015,
    "23": 0.00075,
    "24": 0.00055,
    "26": 0.0004,
    "25": 0.00035,
    "27": 0.0002,
    "30": 0.0001,
    "28": 0.0001,
    "32": 5e-05
}