{
    "0": 0.2974,
    "1": 0.16625,
    "2": 0.10935,
    "3": 0.08125,
    "4": 0.0579,
    "5": 0.04695,
    "6": 0.0359,
    "7": 0.0269,
    "8": 0.02275,
    "9": 0.0221,
    "10": 0.01555,
    "11": 0.0146,
    "13": 0.0115,
    "12": 0.0113,
    "14": 0.00975,
    "16": 0.0074,
    "15": 0.0073,
    "18": 0.00555,
    "17": 0.00545,
    "19": 0.0043,
    "20": 0.00405,
    "21": 0.0037,
    "24": 0.0034,
    "22": 0.0033,
    "23": 0.0028,
    "26": 0.0023,
    "25": 0.0022,
    "28": 0.0019,
    "29": 0.0015,
    "35": 0.00145,
    "30": 0.0014,
    "27": 0.00135,
    "31": 0.00115,
    "33": 0.0011,
    "32": 0.00105,
    "36": 0.001,
    "37": 0.0007,
    "34": 0.0007,
    "40": 0.0005,
    "38": 0.0005,
    "43": 0.00045,
    "42": 0.00045,
    "41": 0.00035,
    "39": 0.00035,
    "44": 0.00035,
    "45": 0.0003,
    "46": 0.00025,
    "51": 0.00015,
    "52": 0.00015,
    "54": 0.00015,
    "58": 0.00015,
    "66": 0.0001,
    "62": 0.0001,
    "48": 0.0001,
    "59": 0.0001,
    "56": 0.0001,
    "47": 0.0001,
    "50": 0.0001,
    "55": 5e-05,
    "69": 5e-05,
    "61": 5e-05,
    "78": 5e-05,
    "77": 5e-05,
    "68": 5e-05,
    "75": 5e-05,
    "97": 5e-05,
    "53": 5e-05,
    "63": 5e-05,
    "64": 5e-05,
    "83": 5e-05,
    "49": 5e-05,
    "57": 5e-05
}