{
    "0": 0.33275,
    "1": 0.19205,
    "2": 0.1185,
    "3": 0.08245,
    "4": 0.0637,
    "5": 0.04605,
    "6": 0.03565,
    "7": 0.0284,
    "8": 0.02325,
    "9": 0.0173,
    "10": 0.01335,
    "11": 0.011,
    "12": 0.0088,
    "13": 0.00775,
    "15": 0.00445,
    "14": 0.00425,
    "16": 0.0033,
    "17": 0.0021,
    "18": 0.0012,
    "19": 0.00105,
    "21": 0.00085,
    "20": 0.0008,
    "23": 0.0003,
    "25": 0.0002,
    "24": 0.0002,
    "22": 0.00015,
    "32": 5e-05,
    "30": 5e-05,
    "27": 5e-05
}