{
    "0": 0.32735,
    "1": 0.167,
    "2": 0.1035,
    "3": 0.0734,
    "4": 0.0551,
    "5": 0.0407,
    "6": 0.0324,
    "7": 0.0285,
    "8": 0.02435,
    "9": 0.0178,
    "10": 0.01715,
    "11": 0.01305,
    "12": 0.0119,
    "13": 0.0112,
    "14": 0.00985,
    "16": 0.007,
    "15": 0.007,
    "17": 0.0064,
    "18": 0.0053,
    "20": 0.0051,
    "19": 0.00395,
    "21": 0.00375,
    "22": 0.00325,
    "25": 0.0027,
    "24": 0.0027,
    "23": 0.0026,
    "26": 0.00205,
    "27": 0.0018,
    "28": 0.0018,
    "30": 0.0011,
    "31": 0.00095,
    "32": 0.00095,
    "33": 0.0009,
    "29": 0.00085,
    "34": 0.0007,
    "36": 0.0006,
    "38": 0.0005,
    "35": 0.0005,
    "44": 0.0004,
    "37": 0.0004,
    "39": 0.00035,
    "42": 0.00035,
    "40": 0.0003,
    "48": 0.0002,
    "43": 0.0002,
    "46": 0.00015,
    "58": 0.00015,
    "49": 0.00015,
    "56": 0.00015,
    "70": 0.0001,
    "50": 0.0001,
    "51": 0.0001,
    "41": 0.0001,
    "53": 0.0001,
    "47": 0.0001,
    "62": 0.0001,
    "54": 5e-05,
    "60": 5e-05,
    "68": 5e-05,
    "78": 5e-05,
    "66": 5e-05,
    "75": 5e-05,
    "65": 5e-05,
    "63": 5e-05,
    "61": 5e-05,
    "45": 5e-05,
    "57": 5e-05,
    "85": 5e-05,
    "52": 5e-05,
    "64": 5e-05,
    "92": 5e-05,
    "59": 5e-05
}