{
    "0": 0.28915,
    "1": 0.1731,
    "2": 0.11375,
    "3": 0.0792,
    "4": 0.0609,
    "5": 0.0507,
    "6": 0.04085,
    "7": 0.03235,
    "8": 0.0287,
    "9": 0.0251,
    "10": 0.0203,
    "11": 0.0174,
    "12": 0.0144,
    "13": 0.0132,
    "14": 0.0082,
    "15": 0.00685,
    "16": 0.00645,
    "17": 0.0043,
    "18": 0.004,
    "19": 0.00345,
    "20": 0.0019,
    "21": 0.0018,
    "22": 0.0014,
    "24": 0.00095,
    "23": 0.0008,
    "26": 0.00025,
    "25": 0.0002,
    "32": 0.00015,
    "29": 5e-05,
    "30": 5e-05,
    "27": 5e-05,
    "33": 5e-05
}