{
    "0": 0.28025,
    "1": 0.14455,
    "2": 0.1071,
    "3": 0.07815,
    "4": 0.05945,
    "5": 0.0501,
    "6": 0.04225,
    "7": 0.03395,
    "8": 0.0276,
    "9": 0.0234,
    "10": 0.01995,
    "11": 0.01705,
    "12": 0.01525,
    "13": 0.0124,
    "14": 0.01225,
    "15": 0.00825,
    "17": 0.00795,
    "16": 0.00765,
    "18": 0.006,
    "19": 0.005,
    "20": 0.0047,
    "21": 0.0042,
    "23": 0.0042,
    "22": 0.0039,
    "26": 0.00315,
    "24": 0.00255,
    "27": 0.0019,
    "25": 0.0019,
    "31": 0.0015,
    "29": 0.00135,
    "28": 0.0013,
    "33": 0.0013,
    "32": 0.0012,
    "35": 0.00115,
    "30": 0.00105,
    "34": 0.001,
    "37": 0.0008,
    "42": 0.0004,
    "39": 0.00035,
    "41": 0.00035,
    "36": 0.00035,
    "43": 0.00035,
    "46": 0.0003,
    "38": 0.00025,
    "52": 0.00025,
    "47": 0.0002,
    "45": 0.00015,
    "48": 0.00015,
    "40": 0.00015,
    "68": 0.0001,
    "49": 0.0001,
    "60": 0.0001,
    "51": 0.0001,
    "56": 0.0001,
    "64": 5e-05,
    "112": 5e-05,
    "50": 5e-05,
    "61": 5e-05,
    "57": 5e-05,
    "73": 5e-05,
    "72": 5e-05,
    "86": 5e-05,
    "69": 5e-05,
    "55": 5e-05,
    "62": 5e-05
}