{
    "0": 0.32625,
    "1": 0.17585,
    "2": 0.1127,
    "3": 0.0777,
    "4": 0.0596,
    "5": 0.04585,
    "6": 0.03595,
    "7": 0.03285,
    "8": 0.0259,
    "9": 0.02055,
    "10": 0.0173,
    "11": 0.01385,
    "12": 0.01175,
    "13": 0.00925,
    "14": 0.00775,
    "15": 0.00745,
    "16": 0.0058,
    "17": 0.00345,
    "18": 0.00275,
    "19": 0.002,
    "21": 0.0015,
    "20": 0.0014,
    "22": 0.0009,
    "23": 0.0007,
    "24": 0.0004,
    "26": 0.0002,
    "27": 0.0001,
    "25": 0.0001,
    "28": 5e-05,
    "32": 5e-05,
    "34": 5e-05
}