{
    "0": 0.3082,
    "1": 0.1443,
    "2": 0.08995,
    "3": 0.06615,
    "4": 0.0469,
    "5": 0.03775,
    "6": 0.03435,
    "7": 0.0283,
    "8": 0.02435,
    "10": 0.0194,
    "9": 0.01915,
    "11": 0.01635,
    "13": 0.0134,
    "12": 0.01305,
    "14": 0.01175,
    "16": 0.0105,
    "15": 0.0097,
    "17": 0.0092,
    "18": 0.0074,
    "19": 0.00675,
    "20": 0.0064,
    "21": 0.00575,
    "22": 0.0057,
    "23": 0.0049,
    "26": 0.00475,
    "28": 0.0046,
    "27": 0.00435,
    "24": 0.0043,
    "25": 0.0042,
    "29": 0.0033,
    "30": 0.0032,
    "33": 0.00295,
    "31": 0.00235,
    "32": 0.0021,
    "35": 0.00195,
    "36": 0.00185,
    "34": 0.0017,
    "38": 0.0015,
    "37": 0.00135,
    "39": 0.0013,
    "40": 0.00095,
    "51": 0.0009,
    "43": 0.0009,
    "54": 0.0009,
    "41": 0.00085,
    "44": 0.0008,
    "53": 0.0007,
    "45": 0.0007,
    "47": 0.0007,
    "42": 0.00065,
    "49": 0.0005,
    "55": 0.0005,
    "46": 0.0005,
    "50": 0.00045,
    "56": 0.00045,
    "61": 0.00045,
    "48": 0.0004,
    "60": 0.00035,
    "57": 0.00035,
    "62": 0.0003,
    "58": 0.0003,
    "59": 0.00025,
    "52": 0.00025,
    "64": 0.0002,
    "70": 0.0002,
    "63": 0.0002,
    "77": 0.0001,
    "92": 5e-05,
    "112": 5e-05,
    "69": 5e-05,
    "74": 5e-05,
    "66": 5e-05,
    "89": 5e-05,
    "80": 5e-05,
    "75": 5e-05,
    "99": 5e-05,
    "76": 5e-05,
    "88": 5e-05,
    "71": 5e-05,
    "79": 5e-05,
    "73": 5e-05,
    "65": 5e-05,
    "95": 5e-05
}