{
    "0": 0.30065,
    "1": 0.18725,
    "2": 0.1196,
    "3": 0.0843,
    "4": 0.06305,
    "5": 0.04835,
    "6": 0.03905,
    "7": 0.0322,
    "8": 0.0252,
    "9": 0.02065,
    "10": 0.01565,
    "11": 0.0134,
    "12": 0.0108,
    "13": 0.00845,
    "14": 0.00635,
    "15": 0.0053,
    "16": 0.0047,
    "17": 0.0039,
    "18": 0.003,
    "19": 0.0022,
    "20": 0.00155,
    "21": 0.0014,
    "22": 0.00105,
    "24": 0.00065,
    "23": 0.0005,
    "26": 0.0003,
    "29": 0.00015,
    "27": 0.00015,
    "28": 0.0001,
    "35": 5e-05,
    "25": 5e-05
}