{
    "0": 0.29595,
    "1": 0.14415,
    "2": 0.09295,
    "3": 0.06665,
    "4": 0.0483,
    "5": 0.04375,
    "6": 0.0342,
    "7": 0.02925,
    "8": 0.0247,
    "9": 0.0218,
    "10": 0.02065,
    "11": 0.01685,
    "13": 0.015,
    "12": 0.01465,
    "14": 0.0127,
    "15": 0.01195,
    "16": 0.0108,
    "17": 0.00835,
    "18": 0.0083,
    "20": 0.0074,
    "19": 0.00715,
    "22": 0.0062,
    "21": 0.00565,
    "23": 0.0047,
    "24": 0.00465,
    "27": 0.0042,
    "25": 0.0042,
    "26": 0.00375,
    "28": 0.0029,
    "29": 0.0024,
    "30": 0.00235,
    "32": 0.00225,
    "37": 0.00175,
    "34": 0.00165,
    "31": 0.00165,
    "33": 0.0016,
    "36": 0.00155,
    "35": 0.00135,
    "38": 0.0013,
    "39": 0.00095,
    "43": 0.00095,
    "40": 0.0009,
    "41": 0.0007,
    "45": 0.00065,
    "44": 0.0006,
    "48": 0.00055,
    "42": 0.00045,
    "47": 0.0004,
    "51": 0.00035,
    "53": 0.00035,
    "49": 0.00035,
    "56": 0.0003,
    "57": 0.0003,
    "46": 0.00025,
    "55": 0.00025,
    "52": 0.00025,
    "54": 0.0002,
    "59": 0.0002,
    "58": 0.0002,
    "64": 0.00015,
    "65": 0.0001,
    "50": 0.0001,
    "87": 0.0001,
    "68": 0.0001,
    "94": 5e-05,
    "71": 5e-05,
    "67": 5e-05,
    "78": 5e-05,
    "61": 5e-05,
    "83": 5e-05,
    "60": 5e-05,
    "91": 5e-05,
    "75": 5e-05,
    "95": 5e-05,
    "81": 5e-05,
    "62": 5e-05,
    "79": 5e-05,
    "69": 5e-05
}