{
    "0": 0.3059,
    "1": 0.1773,
    "2": 0.11425,
    "3": 0.0787,
    "4": 0.0607,
    "5": 0.04385,
    "6": 0.03935,
    "7": 0.0312,
    "8": 0.02565,
    "9": 0.0203,
    "10": 0.01835,
    "11": 0.0153,
    "12": 0.0137,
    "13": 0.0105,
    "14": 0.00835,
    "15": 0.0069,
    "16": 0.00625,
    "17": 0.0046,
    "18": 0.004,
    "19": 0.00335,
    "20": 0.00235,
    "21": 0.00235,
    "22": 0.00175,
    "25": 0.00095,
    "24": 0.0009,
    "23": 0.0009,
    "26": 0.00085,
    "27": 0.0006,
    "29": 0.0003,
    "28": 0.0003,
    "33": 0.0001,
    "32": 5e-05,
    "30": 5e-05,
    "36": 5e-05
}