{
    "0": 0.2784,
    "1": 0.14925,
    "2": 0.093,
    "3": 0.06825,
    "4": 0.0501,
    "5": 0.04415,
    "6": 0.03595,
    "7": 0.0313,
    "8": 0.0239,
    "10": 0.0233,
    "9": 0.0213,
    "11": 0.01845,
    "12": 0.0172,
    "13": 0.01355,
    "14": 0.0118,
    "15": 0.0117,
    "16": 0.01005,
    "19": 0.0092,
    "18": 0.00895,
    "17": 0.0083,
    "20": 0.00685,
    "22": 0.00655,
    "21": 0.0059,
    "24": 0.0057,
    "23": 0.0048,
    "25": 0.0047,
    "26": 0.0042,
    "30": 0.00285,
    "27": 0.00285,
    "31": 0.00275,
    "28": 0.0027,
    "29": 0.0021,
    "33": 0.002,
    "32": 0.00195,
    "34": 0.00145,
    "35": 0.00125,
    "39": 0.0012,
    "37": 0.00115,
    "38": 0.00105,
    "36": 0.00095,
    "40": 0.00085,
    "42": 0.00085,
    "47": 0.00065,
    "45": 0.0005,
    "46": 0.00045,
    "41": 0.00045,
    "43": 0.00045,
    "49": 0.0004,
    "50": 0.0004,
    "56": 0.00035,
    "58": 0.0003,
    "44": 0.0003,
    "55": 0.0003,
    "51": 0.00025,
    "48": 0.00025,
    "52": 0.00025,
    "53": 0.00025,
    "57": 0.00015,
    "60": 0.00015,
    "72": 0.0001,
    "67": 0.0001,
    "61": 0.0001,
    "85": 0.0001,
    "73": 0.0001,
    "71": 0.0001,
    "62": 0.0001,
    "78": 5e-05,
    "74": 5e-05,
    "89": 5e-05,
    "63": 5e-05,
    "59": 5e-05,
    "76": 5e-05,
    "99": 5e-05,
    "65": 5e-05,
    "95": 5e-05,
    "83": 5e-05,
    "81": 5e-05,
    "70": 5e-05,
    "54": 5e-05,
    "75": 5e-05
}