{
    "0": 0.3292,
    "1": 0.17845,
    "2": 0.11615,
    "3": 0.0813,
    "4": 0.05955,
    "5": 0.04565,
    "6": 0.03495,
    "7": 0.0263,
    "8": 0.0226,
    "9": 0.0191,
    "10": 0.0145,
    "11": 0.0131,
    "12": 0.01115,
    "13": 0.0096,
    "14": 0.00745,
    "15": 0.00575,
    "16": 0.0054,
    "17": 0.0042,
    "18": 0.0031,
    "19": 0.00275,
    "20": 0.00235,
    "21": 0.00195,
    "23": 0.0013,
    "22": 0.0013,
    "24": 0.00095,
    "27": 0.00055,
    "25": 0.0003,
    "26": 0.0003,
    "28": 0.00025,
    "31": 0.00015,
    "30": 0.0001,
    "33": 0.0001,
    "32": 0.0001,
    "35": 5e-05
}