{
    "0": 0.2939,
    "1": 0.15055,
    "2": 0.0994,
    "3": 0.0652,
    "4": 0.05095,
    "5": 0.0405,
    "6": 0.03625,
    "7": 0.0288,
    "8": 0.02595,
    "9": 0.0202,
    "10": 0.01835,
    "11": 0.01705,
    "12": 0.01455,
    "13": 0.0129,
    "14": 0.01125,
    "15": 0.01125,
    "16": 0.00945,
    "18": 0.00885,
    "17": 0.0078,
    "20": 0.0069,
    "19": 0.00655,
    "21": 0.006,
    "22": 0.0059,
    "23": 0.0042,
    "24": 0.00415,
    "25": 0.0041,
    "26": 0.00355,
    "28": 0.00275,
    "27": 0.0025,
    "30": 0.0024,
    "29": 0.0023,
    "32": 0.0022,
    "33": 0.0019,
    "31": 0.0019,
    "34": 0.0017,
    "35": 0.00155,
    "36": 0.0015,
    "37": 0.00145,
    "40": 0.0012,
    "38": 0.0012,
    "42": 0.001,
    "39": 0.00095,
    "41": 0.0009,
    "52": 0.0008,
    "49": 0.0008,
    "44": 0.0005,
    "43": 0.0005,
    "53": 0.00045,
    "45": 0.00045,
    "48": 0.00045,
    "46": 0.0004,
    "54": 0.00035,
    "50": 0.00035,
    "57": 0.00035,
    "59": 0.00035,
    "47": 0.00025,
    "55": 0.0002,
    "63": 0.00015,
    "51": 0.00015,
    "56": 0.00015,
    "60": 0.00015,
    "66": 0.00015,
    "62": 0.00015,
    "73": 0.0001,
    "67": 0.0001,
    "65": 0.0001,
    "74": 5e-05,
    "84": 5e-05,
    "83": 5e-05,
    "58": 5e-05,
    "91": 5e-05,
    "78": 5e-05,
    "75": 5e-05,
    "105": 5e-05,
    "80": 5e-05,
    "82": 5e-05,
    "68": 5e-05,
    "71": 5e-05,
    "61": 5e-05,
    "64": 5e-05
}