{
    "0": 0.2708,
    "1": 0.1794,
    "2": 0.1278,
    "3": 0.0923,
    "4": 0.07065,
    "5": 0.05725,
    "6": 0.04445,
    "7": 0.0358,
    "8": 0.028,
    "9": 0.0227,
    "10": 0.01755,
    "11": 0.0149,
    "12": 0.0106,
    "13": 0.0076,
    "14": 0.0058,
    "15": 0.0045,
    "16": 0.0036,
    "17": 0.00195,
    "19": 0.0014,
    "18": 0.0013,
    "20": 0.0005,
    "22": 0.00045,
    "21": 0.0004,
    "24": 0.00015,
    "26": 5e-05,
    "23": 5e-05,
    "25": 5e-05
}