{
    "0": 0.3263,
    "1": 0.13925,
    "2": 0.0864,
    "3": 0.06195,
    "4": 0.04885,
    "5": 0.0404,
    "6": 0.0297,
    "7": 0.02775,
    "8": 0.0237,
    "9": 0.0206,
    "10": 0.01645,
    "11": 0.01625,
    "12": 0.01385,
    "13": 0.0136,
    "14": 0.0119,
    "17": 0.01015,
    "15": 0.01015,
    "16": 0.00955,
    "18": 0.0086,
    "19": 0.00715,
    "21": 0.00685,
    "20": 0.00665,
    "22": 0.00625,
    "23": 0.0062,
    "24": 0.0041,
    "26": 0.00385,
    "25": 0.00365,
    "29": 0.0031,
    "27": 0.00295,
    "28": 0.00295,
    "31": 0.0028,
    "30": 0.0025,
    "34": 0.0023,
    "32": 0.0021,
    "33": 0.00195,
    "35": 0.00155,
    "37": 0.00155,
    "36": 0.0015,
    "39": 0.0014,
    "38": 0.0013,
    "40": 0.0012,
    "41": 0.0009,
    "43": 0.00085,
    "50": 0.00075,
    "46": 0.00065,
    "42": 0.0006,
    "45": 0.0006,
    "52": 0.00055,
    "44": 0.00055,
    "47": 0.0005,
    "48": 0.00045,
    "55": 0.0004,
    "49": 0.00035,
    "58": 0.00035,
    "56": 0.00025,
    "54": 0.0002,
    "64": 0.0002,
    "53": 0.0002,
    "51": 0.0002,
    "59": 0.0002,
    "63": 0.00015,
    "71": 0.00015,
    "65": 0.00015,
    "76": 0.00015,
    "57": 0.00015,
    "75": 0.0001,
    "60": 0.0001,
    "66": 0.0001,
    "74": 0.0001,
    "61": 0.0001,
    "88": 0.0001,
    "90": 0.0001,
    "67": 0.0001,
    "72": 5e-05,
    "73": 5e-05,
    "100": 5e-05,
    "94": 5e-05,
    "79": 5e-05,
    "109": 5e-05,
    "92": 5e-05,
    "83": 5e-05,
    "70": 5e-05
}