{
    "0": 0.29095,
    "1": 0.15815,
    "2": 0.0986,
    "3": 0.07095,
    "4": 0.0507,
    "5": 0.0467,
    "6": 0.03665,
    "7": 0.02895,
    "8": 0.02745,
    "9": 0.0245,
    "10": 0.02075,
    "11": 0.01565,
    "12": 0.0147,
    "13": 0.01275,
    "14": 0.01105,
    "15": 0.0106,
    "16": 0.0089,
    "19": 0.00785,
    "17": 0.0073,
    "18": 0.0064,
    "20": 0.00575,
    "21": 0.0057,
    "23": 0.00405,
    "22": 0.00355,
    "24": 0.00315,
    "28": 0.0027,
    "27": 0.0026,
    "25": 0.00255,
    "26": 0.00235,
    "30": 0.00195,
    "29": 0.0017,
    "33": 0.0013,
    "31": 0.0011,
    "32": 0.001,
    "35": 0.001,
    "34": 0.001,
    "37": 0.00095,
    "42": 0.0009,
    "40": 0.00075,
    "36": 0.0007,
    "38": 0.00065,
    "39": 0.00055,
    "44": 0.00035,
    "46": 0.00035,
    "47": 0.0003,
    "45": 0.0003,
    "43": 0.0003,
    "48": 0.00025,
    "49": 0.0002,
    "55": 0.0002,
    "41": 0.0002,
    "58": 0.0002,
    "53": 0.00015,
    "54": 0.00015,
    "59": 0.00015,
    "63": 0.00015,
    "52": 0.0001,
    "64": 0.0001,
    "51": 0.0001,
    "65": 0.0001,
    "60": 0.0001,
    "56": 0.0001,
    "71": 0.0001,
    "81": 0.0001,
    "73": 0.0001,
    "75": 5e-05,
    "61": 5e-05,
    "50": 5e-05,
    "62": 5e-05,
    "69": 5e-05,
    "84": 5e-05,
    "74": 5e-05
}