{
    "0": 0.38895,
    "1": 0.21225,
    "2": 0.1228,
    "3": 0.07995,
    "4": 0.0538,
    "5": 0.0412,
    "6": 0.02745,
    "7": 0.02055,
    "8": 0.01675,
    "9": 0.0103,
    "10": 0.00665,
    "11": 0.00645,
    "12": 0.00385,
    "13": 0.003,
    "14": 0.0018,
    "15": 0.00135,
    "18": 0.00065,
    "16": 0.0006,
    "17": 0.00055,
    "19": 0.0005,
    "23": 0.00015,
    "22": 0.00015,
    "21": 0.00015,
    "20": 0.0001,
    "26": 5e-05
}