{
    "0": 0.2704,
    "1": 0.1538,
    "2": 0.10475,
    "3": 0.07685,
    "4": 0.0571,
    "5": 0.0474,
    "6": 0.0392,
    "7": 0.03245,
    "8": 0.02825,
    "9": 0.02345,
    "10": 0.0214,
    "11": 0.01705,
    "12": 0.01695,
    "13": 0.01395,
    "14": 0.01185,
    "16": 0.00995,
    "15": 0.00935,
    "17": 0.0086,
    "18": 0.00655,
    "20": 0.00595,
    "19": 0.00565,
    "21": 0.0048,
    "23": 0.00395,
    "22": 0.0036,
    "24": 0.00315,
    "26": 0.00265,
    "25": 0.00235,
    "28": 0.0022,
    "27": 0.00185,
    "32": 0.0017,
    "29": 0.0016,
    "30": 0.0015,
    "31": 0.0014,
    "35": 0.00105,
    "36": 0.00085,
    "33": 0.00085,
    "34": 0.0007,
    "41": 0.00065,
    "37": 0.00065,
    "43": 0.00045,
    "39": 0.00035,
    "44": 0.0003,
    "42": 0.0003,
    "38": 0.0003,
    "40": 0.00025,
    "46": 0.0002,
    "53": 0.00015,
    "52": 0.00015,
    "55": 0.0001,
    "47": 0.0001,
    "57": 0.0001,
    "48": 0.0001,
    "54": 0.0001,
    "56": 0.0001,
    "58": 5e-05,
    "89": 5e-05,
    "50": 5e-05,
    "66": 5e-05,
    "49": 5e-05,
    "60": 5e-05,
    "64": 5e-05,
    "45": 5e-05,
    "69": 5e-05,
    "67": 5e-05,
    "80": 5e-05
}