{
    "0": 0.2868,
    "1": 0.1926,
    "2": 0.12395,
    "3": 0.0893,
    "4": 0.06955,
    "5": 0.0512,
    "6": 0.0386,
    "7": 0.0309,
    "8": 0.0237,
    "9": 0.0189,
    "10": 0.01665,
    "11": 0.0136,
    "12": 0.0109,
    "13": 0.0066,
    "14": 0.00645,
    "15": 0.00485,
    "16": 0.0042,
    "17": 0.00285,
    "18": 0.00255,
    "19": 0.00125,
    "20": 0.00115,
    "21": 0.0009,
    "22": 0.00065,
    "23": 0.0006,
    "24": 0.00045,
    "25": 0.00025,
    "26": 0.0002,
    "27": 0.00015,
    "32": 5e-05,
    "30": 5e-05,
    "31": 5e-05,
    "37": 5e-05,
    "29": 5e-05
}