{
    "0": 0.2818,
    "1": 0.1475,
    "2": 0.09165,
    "3": 0.0681,
    "4": 0.05055,
    "5": 0.0433,
    "6": 0.0355,
    "8": 0.02835,
    "7": 0.0279,
    "9": 0.02245,
    "10": 0.01945,
    "11": 0.01775,
    "12": 0.01545,
    "13": 0.0133,
    "15": 0.01305,
    "14": 0.01245,
    "17": 0.0096,
    "16": 0.00955,
    "18": 0.009,
    "19": 0.0089,
    "20": 0.0063,
    "21": 0.0059,
    "24": 0.0057,
    "23": 0.0051,
    "22": 0.0051,
    "26": 0.0043,
    "25": 0.004,
    "27": 0.00365,
    "29": 0.00345,
    "31": 0.0033,
    "30": 0.0028,
    "28": 0.0027,
    "32": 0.0022,
    "33": 0.00185,
    "34": 0.00175,
    "35": 0.0015,
    "36": 0.0015,
    "37": 0.0011,
    "39": 0.00095,
    "41": 0.0009,
    "38": 0.0009,
    "40": 0.0008,
    "46": 0.00075,
    "42": 0.00065,
    "43": 0.0006,
    "47": 0.0006,
    "50": 0.00045,
    "45": 0.00045,
    "54": 0.0004,
    "49": 0.0004,
    "48": 0.0004,
    "51": 0.00035,
    "44": 0.00035,
    "57": 0.0003,
    "58": 0.0003,
    "56": 0.0003,
    "55": 0.00025,
    "52": 0.0002,
    "60": 0.0002,
    "53": 0.00015,
    "74": 0.00015,
    "61": 0.00015,
    "67": 0.00015,
    "68": 0.0001,
    "66": 0.0001,
    "76": 0.0001,
    "64": 0.0001,
    "59": 0.0001,
    "83": 0.0001,
    "69": 5e-05,
    "73": 5e-05,
    "75": 5e-05,
    "77": 5e-05,
    "82": 5e-05,
    "62": 5e-05,
    "93": 5e-05,
    "71": 5e-05,
    "63": 5e-05,
    "81": 5e-05
}