{
    "0": 0.3221,
    "1": 0.18035,
    "2": 0.11585,
    "3": 0.07935,
    "4": 0.0597,
    "5": 0.04245,
    "6": 0.0377,
    "7": 0.02805,
    "8": 0.0257,
    "9": 0.0203,
    "10": 0.0155,
    "11": 0.01425,
    "12": 0.01065,
    "13": 0.0092,
    "14": 0.00735,
    "15": 0.0059,
    "16": 0.00575,
    "17": 0.0039,
    "18": 0.00365,
    "19": 0.00285,
    "21": 0.00225,
    "20": 0.00215,
    "22": 0.00115,
    "23": 0.0011,
    "25": 0.0006,
    "26": 0.0005,
    "24": 0.0004,
    "27": 0.00035,
    "28": 0.00025,
    "29": 0.0002,
    "31": 0.0002,
    "30": 0.0002,
    "36": 5e-05,
    "32": 5e-05
}