{
    "0": 0.35695,
    "1": 0.1786,
    "2": 0.1077,
    "3": 0.07705,
    "4": 0.0552,
    "5": 0.0414,
    "6": 0.03155,
    "7": 0.02585,
    "8": 0.0207,
    "9": 0.0173,
    "10": 0.01425,
    "11": 0.01395,
    "13": 0.0102,
    "12": 0.00955,
    "14": 0.0078,
    "15": 0.0065,
    "17": 0.0045,
    "16": 0.0044,
    "18": 0.0035,
    "19": 0.00305,
    "21": 0.0023,
    "20": 0.0023,
    "22": 0.0016,
    "23": 0.00095,
    "24": 0.00085,
    "28": 0.0005,
    "26": 0.0004,
    "25": 0.0004,
    "27": 0.0003,
    "32": 0.0002,
    "29": 0.0001,
    "30": 5e-05,
    "31": 5e-05
}