{
    "0": 0.38875,
    "1": 0.1525,
    "2": 0.08825,
    "3": 0.05855,
    "4": 0.04575,
    "5": 0.0335,
    "6": 0.0286,
    "7": 0.0254,
    "8": 0.02025,
    "9": 0.01835,
    "10": 0.01485,
    "11": 0.01375,
    "12": 0.01215,
    "13": 0.0093,
    "14": 0.0088,
    "15": 0.00855,
    "16": 0.0072,
    "17": 0.0064,
    "18": 0.0062,
    "21": 0.00465,
    "19": 0.00455,
    "22": 0.00445,
    "20": 0.00435,
    "24": 0.0031,
    "23": 0.00305,
    "27": 0.00285,
    "25": 0.00275,
    "26": 0.00275,
    "28": 0.00185,
    "30": 0.00175,
    "31": 0.00165,
    "29": 0.0014,
    "32": 0.0013,
    "36": 0.0011,
    "33": 0.00105,
    "35": 0.001,
    "41": 0.00095,
    "34": 0.00095,
    "38": 0.00075,
    "40": 0.0006,
    "39": 0.0006,
    "45": 0.00055,
    "37": 0.0005,
    "44": 0.0005,
    "42": 0.00045,
    "46": 0.00035,
    "43": 0.00035,
    "48": 0.0003,
    "52": 0.0003,
    "47": 0.00025,
    "51": 0.00025,
    "50": 0.0002,
    "49": 0.00015,
    "59": 0.00015,
    "54": 0.00015,
    "53": 0.00015,
    "56": 0.00015,
    "66": 0.0001,
    "60": 0.0001,
    "55": 0.0001,
    "62": 0.0001,
    "67": 5e-05,
    "72": 5e-05,
    "98": 5e-05,
    "64": 5e-05,
    "58": 5e-05,
    "61": 5e-05
}