{
    "0": 0.2908,
    "1": 0.1437,
    "2": 0.08875,
    "3": 0.0675,
    "4": 0.0527,
    "5": 0.04325,
    "6": 0.03465,
    "7": 0.0279,
    "8": 0.0247,
    "9": 0.0233,
    "10": 0.0198,
    "11": 0.01825,
    "12": 0.0177,
    "14": 0.01335,
    "13": 0.0133,
    "15": 0.01145,
    "16": 0.0097,
    "18": 0.0091,
    "19": 0.0091,
    "17": 0.00885,
    "20": 0.00745,
    "21": 0.00635,
    "22": 0.0054,
    "24": 0.00445,
    "25": 0.00415,
    "23": 0.0041,
    "26": 0.004,
    "27": 0.0034,
    "28": 0.0032,
    "30": 0.0031,
    "29": 0.0027,
    "31": 0.0023,
    "32": 0.002,
    "36": 0.0018,
    "33": 0.00175,
    "34": 0.0016,
    "35": 0.00115,
    "41": 0.0011,
    "40": 0.001,
    "37": 0.001,
    "42": 0.001,
    "43": 0.00095,
    "39": 0.00095,
    "38": 0.00085,
    "44": 0.00075,
    "46": 0.00065,
    "49": 0.00045,
    "56": 0.00045,
    "54": 0.0004,
    "50": 0.00035,
    "51": 0.0003,
    "53": 0.0003,
    "52": 0.00025,
    "45": 0.00025,
    "47": 0.00025,
    "59": 0.0002,
    "48": 0.00015,
    "61": 0.00015,
    "57": 0.00015,
    "68": 0.00015,
    "65": 0.00015,
    "55": 0.00015,
    "64": 0.0001,
    "71": 0.0001,
    "66": 0.0001,
    "63": 0.0001,
    "58": 5e-05,
    "67": 5e-05,
    "74": 5e-05,
    "69": 5e-05,
    "70": 5e-05,
    "81": 5e-05,
    "79": 5e-05,
    "87": 5e-05,
    "60": 5e-05,
    "76": 5e-05
}