{
    "0": 0.3009,
    "1": 0.18835,
    "2": 0.1207,
    "3": 0.0842,
    "4": 0.06375,
    "5": 0.04845,
    "6": 0.0375,
    "7": 0.02825,
    "8": 0.0228,
    "9": 0.02015,
    "10": 0.01585,
    "11": 0.0122,
    "12": 0.01075,
    "13": 0.0095,
    "14": 0.0089,
    "15": 0.0058,
    "16": 0.0046,
    "17": 0.0039,
    "18": 0.00365,
    "19": 0.0029,
    "20": 0.00185,
    "21": 0.0015,
    "22": 0.001,
    "24": 0.00075,
    "23": 0.00055,
    "26": 0.00035,
    "25": 0.00035,
    "28": 0.00015,
    "27": 0.00015,
    "29": 0.0001,
    "30": 5e-05,
    "33": 5e-05,
    "31": 5e-05
}