{
    "0": 0.39585,
    "1": 0.15345,
    "2": 0.085,
    "3": 0.06085,
    "4": 0.0444,
    "5": 0.03355,
    "6": 0.02965,
    "7": 0.02445,
    "8": 0.021,
    "9": 0.01735,
    "10": 0.0134,
    "11": 0.0124,
    "12": 0.011,
    "13": 0.0097,
    "14": 0.0094,
    "15": 0.00855,
    "16": 0.00745,
    "17": 0.0063,
    "18": 0.00575,
    "20": 0.0056,
    "19": 0.00445,
    "21": 0.00435,
    "22": 0.0037,
    "24": 0.00305,
    "25": 0.0023,
    "29": 0.00215,
    "23": 0.0021,
    "28": 0.00205,
    "26": 0.002,
    "33": 0.0016,
    "30": 0.00155,
    "27": 0.0014,
    "37": 0.00115,
    "34": 0.0011,
    "31": 0.0009,
    "38": 0.0009,
    "35": 0.00085,
    "39": 0.00085,
    "32": 0.00085,
    "36": 0.0008,
    "41": 0.00075,
    "42": 0.0006,
    "40": 0.00055,
    "45": 0.0005,
    "43": 0.0004,
    "58": 0.00035,
    "53": 0.0003,
    "44": 0.0003,
    "55": 0.00025,
    "48": 0.00025,
    "52": 0.00025,
    "50": 0.0002,
    "49": 0.0002,
    "63": 0.0002,
    "65": 0.00015,
    "54": 0.00015,
    "47": 0.00015,
    "56": 0.00015,
    "51": 0.0001,
    "61": 0.0001,
    "46": 0.0001,
    "79": 5e-05,
    "85": 5e-05,
    "68": 5e-05,
    "57": 5e-05,
    "69": 5e-05,
    "70": 5e-05,
    "71": 5e-05,
    "67": 5e-05,
    "104": 5e-05,
    "60": 5e-05,
    "62": 5e-05,
    "90": 5e-05,
    "64": 5e-05,
    "59": 5e-05,
    "73": 5e-05,
    "72": 5e-05
}