{
    "0": 0.31365,
    "1": 0.14455,
    "2": 0.08735,
    "3": 0.0628,
    "4": 0.0476,
    "5": 0.0377,
    "6": 0.02895,
    "8": 0.02545,
    "7": 0.02435,
    "9": 0.02035,
    "10": 0.0182,
    "11": 0.01765,
    "12": 0.01495,
    "13": 0.0125,
    "14": 0.01225,
    "16": 0.01135,
    "18": 0.0108,
    "15": 0.01015,
    "17": 0.009,
    "19": 0.0076,
    "22": 0.00725,
    "21": 0.007,
    "20": 0.0065,
    "23": 0.0061,
    "25": 0.0043,
    "24": 0.0043,
    "26": 0.00385,
    "29": 0.0038,
    "27": 0.0036,
    "30": 0.0031,
    "28": 0.003,
    "32": 0.0025,
    "33": 0.00205,
    "35": 0.002,
    "36": 0.00185,
    "31": 0.0018,
    "34": 0.00175,
    "37": 0.0015,
    "38": 0.00145,
    "39": 0.00125,
    "40": 0.0012,
    "41": 0.00095,
    "46": 0.0009,
    "48": 0.0009,
    "42": 0.0009,
    "44": 0.00085,
    "49": 0.0006,
    "47": 0.0006,
    "43": 0.00055,
    "50": 0.00055,
    "45": 0.0005,
    "59": 0.00045,
    "54": 0.00045,
    "57": 0.00045,
    "51": 0.0004,
    "52": 0.0003,
    "56": 0.0003,
    "53": 0.0003,
    "58": 0.00025,
    "61": 0.00025,
    "62": 0.0002,
    "69": 0.0002,
    "55": 0.0002,
    "66": 0.00015,
    "60": 0.00015,
    "63": 0.00015,
    "94": 0.0001,
    "64": 0.0001,
    "76": 0.0001,
    "96": 0.0001,
    "73": 0.0001,
    "65": 0.0001,
    "67": 0.0001,
    "70": 0.0001,
    "75": 5e-05,
    "81": 5e-05,
    "68": 5e-05,
    "80": 5e-05,
    "71": 5e-05,
    "89": 5e-05,
    "82": 5e-05
}