{
    "0": 0.3044,
    "1": 0.17595,
    "2": 0.119,
    "3": 0.079,
    "4": 0.06185,
    "5": 0.04985,
    "6": 0.0373,
    "7": 0.03195,
    "8": 0.0258,
    "10": 0.0189,
    "9": 0.01775,
    "11": 0.0141,
    "12": 0.01325,
    "14": 0.0096,
    "13": 0.0096,
    "15": 0.00655,
    "16": 0.00575,
    "17": 0.00465,
    "18": 0.00355,
    "19": 0.0025,
    "20": 0.00215,
    "21": 0.00135,
    "23": 0.0012,
    "22": 0.0012,
    "24": 0.00095,
    "26": 0.00055,
    "25": 0.00035,
    "27": 0.0003,
    "29": 0.00015,
    "30": 0.00015,
    "28": 0.00015,
    "31": 0.0001,
    "33": 0.0001
}