{
    "0": 0.3182,
    "1": 0.1778,
    "2": 0.1067,
    "3": 0.0762,
    "4": 0.0603,
    "5": 0.04845,
    "6": 0.03775,
    "7": 0.03315,
    "8": 0.0246,
    "9": 0.0212,
    "10": 0.0199,
    "11": 0.0152,
    "12": 0.01285,
    "13": 0.01,
    "14": 0.00905,
    "15": 0.0081,
    "16": 0.0055,
    "17": 0.00505,
    "18": 0.0031,
    "19": 0.0021,
    "20": 0.00155,
    "22": 0.001,
    "21": 0.0007,
    "23": 0.00065,
    "24": 0.00045,
    "26": 0.0002,
    "25": 0.0001,
    "27": 5e-05,
    "30": 5e-05,
    "31": 5e-05
}