{
    "0": 0.39775,
    "1": 0.20975,
    "2": 0.12655,
    "3": 0.07695,
    "4": 0.05545,
    "5": 0.0381,
    "6": 0.0278,
    "7": 0.01915,
    "8": 0.0129,
    "9": 0.00995,
    "10": 0.00725,
    "11": 0.00515,
    "12": 0.004,
    "14": 0.00255,
    "13": 0.0025,
    "15": 0.0011,
    "16": 0.0009,
    "17": 0.0007,
    "18": 0.00035,
    "19": 0.0003,
    "21": 0.0003,
    "20": 0.00025,
    "22": 0.00015,
    "23": 5e-05,
    "25": 5e-05,
    "24": 5e-05
}