{
    "0": 0.36385,
    "1": 0.1813,
    "2": 0.11545,
    "3": 0.07315,
    "4": 0.05395,
    "5": 0.0413,
    "6": 0.0331,
    "7": 0.0258,
    "8": 0.0193,
    "9": 0.01765,
    "10": 0.0158,
    "11": 0.0114,
    "12": 0.0094,
    "13": 0.00745,
    "14": 0.00535,
    "15": 0.00485,
    "16": 0.00445,
    "17": 0.00385,
    "18": 0.0034,
    "19": 0.0021,
    "20": 0.0016,
    "21": 0.00155,
    "22": 0.00115,
    "23": 0.0009,
    "24": 0.0006,
    "26": 0.0003,
    "25": 0.0003,
    "27": 0.00025,
    "28": 0.00025,
    "30": 5e-05,
    "32": 5e-05,
    "34": 5e-05,
    "29": 5e-05
}