{
    "0": 0.2968,
    "1": 0.14635,
    "2": 0.1017,
    "3": 0.07525,
    "4": 0.0621,
    "5": 0.04825,
    "6": 0.04065,
    "7": 0.0311,
    "8": 0.028,
    "9": 0.0256,
    "10": 0.02075,
    "11": 0.01825,
    "12": 0.01625,
    "14": 0.0115,
    "13": 0.01135,
    "15": 0.01,
    "16": 0.0078,
    "17": 0.00715,
    "18": 0.0057,
    "19": 0.00525,
    "20": 0.00445,
    "21": 0.00335,
    "22": 0.00275,
    "23": 0.0027,
    "24": 0.00225,
    "26": 0.00185,
    "25": 0.00155,
    "29": 0.00135,
    "28": 0.0012,
    "27": 0.00115,
    "30": 0.00095,
    "31": 0.00085,
    "33": 0.0007,
    "32": 0.00065,
    "34": 0.00045,
    "36": 0.00045,
    "35": 0.00045,
    "38": 0.00035,
    "37": 0.00025,
    "43": 0.00025,
    "44": 0.00025,
    "39": 0.00025,
    "40": 0.00015,
    "47": 0.00015,
    "41": 0.00015,
    "42": 0.00015,
    "59": 0.0001,
    "48": 0.0001,
    "51": 0.0001,
    "56": 0.0001,
    "53": 0.0001,
    "46": 0.0001,
    "57": 0.0001,
    "50": 0.0001,
    "52": 5e-05,
    "79": 5e-05,
    "93": 5e-05,
    "58": 5e-05,
    "64": 5e-05,
    "54": 5e-05,
    "67": 5e-05
}