{
    "0": 0.30825,
    "1": 0.13985,
    "2": 0.0873,
    "3": 0.0596,
    "4": 0.0503,
    "5": 0.0384,
    "6": 0.0332,
    "7": 0.0285,
    "8": 0.02545,
    "9": 0.0217,
    "10": 0.0198,
    "11": 0.01725,
    "12": 0.0148,
    "13": 0.01465,
    "14": 0.01255,
    "15": 0.01205,
    "16": 0.01075,
    "17": 0.0092,
    "20": 0.00865,
    "18": 0.0086,
    "19": 0.00765,
    "21": 0.00735,
    "22": 0.0065,
    "23": 0.00545,
    "24": 0.00495,
    "25": 0.00495,
    "27": 0.0044,
    "26": 0.00385,
    "28": 0.00365,
    "30": 0.0031,
    "29": 0.0028,
    "31": 0.00245,
    "32": 0.00225,
    "33": 0.00205,
    "35": 0.00155,
    "37": 0.0015,
    "34": 0.0015,
    "38": 0.00145,
    "36": 0.00125,
    "42": 0.001,
    "41": 0.001,
    "43": 0.001,
    "40": 0.001,
    "39": 0.00095,
    "45": 0.00065,
    "46": 0.00055,
    "47": 0.0005,
    "44": 0.0004,
    "51": 0.0004,
    "49": 0.00035,
    "48": 0.00035,
    "54": 0.0003,
    "61": 0.00025,
    "55": 0.0002,
    "60": 0.0002,
    "53": 0.00015,
    "57": 0.00015,
    "56": 0.00015,
    "71": 0.0001,
    "52": 0.0001,
    "50": 0.0001,
    "59": 0.0001,
    "66": 5e-05,
    "58": 5e-05,
    "67": 5e-05,
    "73": 5e-05,
    "69": 5e-05,
    "78": 5e-05,
    "72": 5e-05,
    "65": 5e-05,
    "70": 5e-05,
    "79": 5e-05,
    "83": 5e-05
}