{
    "0": 0.2834,
    "1": 0.19305,
    "2": 0.13145,
    "3": 0.0965,
    "4": 0.07015,
    "5": 0.05445,
    "6": 0.0413,
    "7": 0.0324,
    "8": 0.02485,
    "9": 0.0193,
    "10": 0.01475,
    "11": 0.01195,
    "12": 0.0071,
    "13": 0.0069,
    "14": 0.00395,
    "15": 0.0027,
    "16": 0.0019,
    "17": 0.00155,
    "18": 0.0009,
    "19": 0.0006,
    "20": 0.0003,
    "21": 0.00015,
    "23": 0.00015,
    "22": 0.0001,
    "24": 5e-05,
    "25": 5e-05,
    "28": 5e-05
}