{
    "0": 0.3188,
    "1": 0.1459,
    "2": 0.0878,
    "3": 0.05995,
    "4": 0.0458,
    "5": 0.036,
    "6": 0.03035,
    "7": 0.02755,
    "8": 0.02525,
    "9": 0.0229,
    "10": 0.01865,
    "11": 0.0169,
    "12": 0.0162,
    "13": 0.013,
    "14": 0.0128,
    "16": 0.01185,
    "15": 0.01085,
    "17": 0.0095,
    "18": 0.00815,
    "19": 0.0075,
    "20": 0.00735,
    "21": 0.0067,
    "22": 0.00655,
    "23": 0.0057,
    "24": 0.0046,
    "25": 0.0044,
    "26": 0.00425,
    "28": 0.0035,
    "27": 0.00285,
    "29": 0.00275,
    "31": 0.0025,
    "30": 0.00245,
    "32": 0.0022,
    "34": 0.0019,
    "35": 0.00185,
    "33": 0.0015,
    "36": 0.0014,
    "39": 0.00125,
    "38": 0.0012,
    "37": 0.0012,
    "40": 0.00075,
    "41": 0.00065,
    "43": 0.00065,
    "42": 0.00055,
    "50": 0.0005,
    "48": 0.0004,
    "54": 0.00035,
    "56": 0.00035,
    "44": 0.00035,
    "45": 0.00035,
    "51": 0.0003,
    "52": 0.0003,
    "46": 0.0003,
    "47": 0.00025,
    "57": 0.00025,
    "49": 0.0002,
    "62": 0.00015,
    "68": 0.00015,
    "58": 0.00015,
    "72": 0.0001,
    "61": 0.0001,
    "55": 0.0001,
    "59": 0.0001,
    "60": 0.0001,
    "78": 5e-05,
    "65": 5e-05,
    "73": 5e-05,
    "67": 5e-05,
    "91": 5e-05,
    "88": 5e-05,
    "63": 5e-05,
    "95": 5e-05,
    "94": 5e-05,
    "64": 5e-05,
    "77": 5e-05,
    "66": 5e-05,
    "69": 5e-05,
    "74": 5e-05,
    "53": 5e-05
}