{
    "0": 0.30765,
    "1": 0.1763,
    "2": 0.115,
    "3": 0.0832,
    "4": 0.05915,
    "5": 0.0456,
    "6": 0.03885,
    "7": 0.0322,
    "8": 0.02525,
    "9": 0.0217,
    "10": 0.01825,
    "11": 0.0163,
    "12": 0.012,
    "13": 0.01105,
    "14": 0.00835,
    "15": 0.0068,
    "16": 0.00565,
    "17": 0.00415,
    "18": 0.00385,
    "19": 0.0023,
    "20": 0.0021,
    "21": 0.00125,
    "22": 0.001,
    "23": 0.0008,
    "24": 0.00065,
    "26": 0.0002,
    "27": 0.0001,
    "28": 0.0001,
    "31": 5e-05,
    "33": 5e-05,
    "36": 5e-05,
    "25": 5e-05
}