{
    "0": 0.3042,
    "1": 0.14855,
    "2": 0.09475,
    "3": 0.06945,
    "4": 0.0493,
    "5": 0.04145,
    "6": 0.03305,
    "7": 0.0276,
    "8": 0.02555,
    "9": 0.0238,
    "10": 0.0185,
    "11": 0.0161,
    "12": 0.0154,
    "13": 0.0135,
    "14": 0.0123,
    "15": 0.01055,
    "16": 0.00935,
    "18": 0.00785,
    "17": 0.0078,
    "21": 0.007,
    "19": 0.00695,
    "22": 0.00635,
    "20": 0.00525,
    "23": 0.004,
    "24": 0.0039,
    "26": 0.0033,
    "25": 0.00325,
    "27": 0.0028,
    "28": 0.00275,
    "29": 0.00245,
    "31": 0.0022,
    "30": 0.0022,
    "32": 0.0018,
    "33": 0.00165,
    "35": 0.0016,
    "34": 0.0014,
    "37": 0.0013,
    "40": 0.0011,
    "36": 0.001,
    "39": 0.001,
    "44": 0.00085,
    "42": 0.0008,
    "38": 0.0008,
    "41": 0.0007,
    "45": 0.0007,
    "47": 0.0004,
    "43": 0.0004,
    "46": 0.00035,
    "53": 0.0003,
    "51": 0.0003,
    "50": 0.0002,
    "54": 0.0002,
    "60": 0.00015,
    "59": 0.00015,
    "49": 0.00015,
    "64": 0.0001,
    "57": 0.0001,
    "48": 0.0001,
    "55": 0.0001,
    "78": 0.0001,
    "66": 0.0001,
    "122": 5e-05,
    "74": 5e-05,
    "58": 5e-05,
    "63": 5e-05,
    "69": 5e-05,
    "62": 5e-05,
    "52": 5e-05,
    "68": 5e-05,
    "61": 5e-05,
    "96": 5e-05,
    "65": 5e-05,
    "95": 5e-05,
    "70": 5e-05
}