Bandit,T,AVG reward,Last reward
UCB,10000,577.3335,1130.4
EPS,10000,990.684363405998,1853.171655923687
Bayes UCB,10000,494.93548,1047.4
Thompson,10000,316.48524817034325,450.88011748595164
