Bandit,T,AVG reward,Last reward
UCB,20000,14917.3144,22928.0
EPS,20000,15644.42225,37920.0
Bayes UCB,20000,11819.4091,22978.0
Thompson,20000,813.9474269985402,1247.3219368606806
