{
    "0": 0.274075,
    "1": 0.1882625,
    "2": 0.131975,
    "3": 0.0974,
    "4": 0.0706125,
    "5": 0.056025,
    "6": 0.042575,
    "7": 0.033175,
    "8": 0.02625,
    "9": 0.0211375,
    "10": 0.0161125,
    "11": 0.0113125,
    "12": 0.0092125,
    "13": 0.0073375,
    "14": 0.0046125,
    "15": 0.0030125,
    "16": 0.0019875,
    "17": 0.0014625,
    "18": 0.001175,
    "19": 0.0009625,
    "20": 0.000475,
    "21": 0.000325,
    "22": 0.00025,
    "23": 0.0001,
    "24": 7.5e-05,
    "25": 5e-05,
    "26": 2.5e-05,
    "30": 1.25e-05,
    "31": 1.25e-05
}