{
    "0": 0.292525,
    "1": 0.141625,
    "2": 0.0900125,
    "3": 0.0640125,
    "4": 0.0533125,
    "5": 0.0421625,
    "6": 0.0365,
    "7": 0.0311625,
    "8": 0.0274375,
    "9": 0.0241,
    "10": 0.0214875,
    "11": 0.0189125,
    "12": 0.0175,
    "13": 0.014575,
    "14": 0.0129875,
    "15": 0.0125625,
    "16": 0.0104375,
    "17": 0.009275,
    "18": 0.008625,
    "19": 0.0072125,
    "20": 0.0070375,
    "21": 0.0060625,
    "22": 0.0052125,
    "23": 0.0048625,
    "24": 0.0043,
    "25": 0.0035375,
    "26": 0.003375,
    "27": 0.003,
    "28": 0.002625,
    "30": 0.00225,
    "29": 0.0021875,
    "31": 0.0020125,
    "32": 0.001925,
    "33": 0.0016375,
    "34": 0.0013375,
    "36": 0.0010875,
    "35": 0.001075,
    "37": 0.001,
    "39": 0.000825,
    "38": 0.0008125,
    "42": 0.00075,
    "40": 0.0007125,
    "41": 0.0007,
    "43": 0.000475,
    "47": 0.0004375,
    "44": 0.000425,
    "46": 0.0004,
    "45": 0.0003375,
    "48": 0.0003,
    "49": 0.000275,
    "53": 0.00025,
    "52": 0.0002375,
    "50": 0.0002375,
    "51": 0.0002,
    "55": 0.0001875,
    "54": 0.000175,
    "57": 0.0001125,
    "56": 0.0001125,
    "63": 0.0001,
    "58": 8.75e-05,
    "68": 7.5e-05,
    "61": 7.5e-05,
    "59": 7.5e-05,
    "66": 6.25e-05,
    "71": 6.25e-05,
    "69": 5e-05,
    "65": 5e-05,
    "67": 3.75e-05,
    "70": 3.75e-05,
    "72": 3.75e-05,
    "76": 2.5e-05,
    "74": 2.5e-05,
    "89": 2.5e-05,
    "79": 2.5e-05,
    "82": 2.5e-05,
    "73": 2.5e-05,
    "64": 2.5e-05,
    "85": 2.5e-05,
    "86": 2.5e-05,
    "92": 1.25e-05,
    "83": 1.25e-05,
    "99": 1.25e-05,
    "78": 1.25e-05,
    "75": 1.25e-05,
    "93": 1.25e-05,
    "100": 1.25e-05,
    "87": 1.25e-05,
    "60": 1.25e-05
}