{
    "0": 0.323075,
    "1": 0.1847625,
    "2": 0.1206125,
    "3": 0.0829875,
    "4": 0.0622875,
    "5": 0.0482125,
    "6": 0.036375,
    "7": 0.0296125,
    "8": 0.02235,
    "9": 0.0193125,
    "10": 0.0145,
    "11": 0.0126625,
    "12": 0.0102875,
    "13": 0.0079625,
    "14": 0.0059375,
    "15": 0.0049,
    "16": 0.0037125,
    "17": 0.0027125,
    "18": 0.0022125,
    "19": 0.0014375,
    "20": 0.001325,
    "21": 0.0009,
    "22": 0.000575,
    "23": 0.0004625,
    "24": 0.0004375,
    "25": 0.000175,
    "28": 7.5e-05,
    "26": 7.5e-05,
    "27": 2.5e-05,
    "29": 2.5e-05,
    "30": 1.25e-05
}