{
    "0": 0.35805,
    "1": 0.1912375,
    "2": 0.1159875,
    "3": 0.0807625,
    "4": 0.0570875,
    "5": 0.0413375,
    "6": 0.0311625,
    "7": 0.0247125,
    "8": 0.0203625,
    "9": 0.016075,
    "10": 0.0127875,
    "11": 0.01025,
    "12": 0.0086,
    "13": 0.0063625,
    "14": 0.0055625,
    "15": 0.0041,
    "16": 0.00365,
    "17": 0.002775,
    "18": 0.002175,
    "19": 0.001625,
    "20": 0.001475,
    "21": 0.0011375,
    "22": 0.0007625,
    "23": 0.0006125,
    "24": 0.0003625,
    "25": 0.0003,
    "26": 0.0001875,
    "29": 0.0001,
    "27": 0.0001,
    "28": 0.0001,
    "31": 7.5e-05,
    "30": 6.25e-05,
    "33": 2.5e-05,
    "32": 2.5e-05,
    "36": 1.25e-05
}