{
    "0": 0.3276125,
    "1": 0.14975,
    "2": 0.0911,
    "3": 0.062075,
    "4": 0.0481375,
    "5": 0.0387125,
    "6": 0.0316125,
    "7": 0.0267125,
    "8": 0.024275,
    "9": 0.0207375,
    "10": 0.0182,
    "11": 0.015325,
    "12": 0.0142,
    "13": 0.012775,
    "14": 0.0117625,
    "15": 0.010325,
    "16": 0.009475,
    "17": 0.0079875,
    "18": 0.00775,
    "20": 0.0069625,
    "19": 0.0068,
    "21": 0.0058125,
    "22": 0.005425,
    "23": 0.0045125,
    "24": 0.0042875,
    "25": 0.0035625,
    "27": 0.0028875,
    "26": 0.0028375,
    "28": 0.0026375,
    "29": 0.002475,
    "31": 0.00225,
    "30": 0.0019625,
    "32": 0.0017125,
    "33": 0.0015875,
    "34": 0.00135,
    "36": 0.0013375,
    "37": 0.0012125,
    "35": 0.0012,
    "38": 0.0009875,
    "39": 0.000925,
    "40": 0.0007625,
    "42": 0.0007375,
    "41": 0.0006875,
    "43": 0.0006125,
    "45": 0.0004875,
    "44": 0.000475,
    "47": 0.00045,
    "48": 0.0004375,
    "46": 0.0004125,
    "51": 0.0004,
    "54": 0.0003125,
    "50": 0.0002875,
    "49": 0.000275,
    "52": 0.00025,
    "53": 0.0002375,
    "57": 0.0002125,
    "55": 0.0002,
    "58": 0.0001375,
    "63": 0.000125,
    "65": 0.000125,
    "59": 0.000125,
    "56": 0.0001125,
    "60": 0.0001125,
    "66": 6.25e-05,
    "61": 6.25e-05,
    "67": 6.25e-05,
    "72": 6.25e-05,
    "62": 5e-05,
    "70": 3.75e-05,
    "73": 3.75e-05,
    "75": 3.75e-05,
    "89": 3.75e-05,
    "81": 3.75e-05,
    "71": 2.5e-05,
    "69": 2.5e-05,
    "68": 2.5e-05,
    "64": 2.5e-05,
    "78": 2.5e-05,
    "80": 2.5e-05,
    "91": 2.5e-05,
    "90": 2.5e-05,
    "77": 1.25e-05,
    "104": 1.25e-05,
    "79": 1.25e-05,
    "88": 1.25e-05,
    "87": 1.25e-05,
    "84": 1.25e-05,
    "97": 1.25e-05
}