{
    "0": 0.33951,
    "1": 0.19074,
    "2": 0.1212,
    "3": 0.07993,
    "4": 0.05981,
    "5": 0.04475,
    "6": 0.03362,
    "7": 0.02696,
    "8": 0.02101,
    "9": 0.01661,
    "10": 0.01346,
    "11": 0.01115,
    "12": 0.00876,
    "13": 0.00712,
    "14": 0.00538,
    "15": 0.00456,
    "16": 0.00347,
    "17": 0.00256,
    "18": 0.00209,
    "19": 0.00175,
    "20": 0.00136,
    "21": 0.00109,
    "23": 0.00077,
    "22": 0.00063,
    "24": 0.00048,
    "25": 0.00038,
    "26": 0.00024,
    "28": 0.00017,
    "29": 0.00012,
    "27": 0.00011,
    "30": 8e-05,
    "33": 4e-05,
    "32": 4e-05,
    "35": 3e-05,
    "31": 2e-05
}