{
    "0": 0.3398,
    "1": 0.1850875,
    "2": 0.1136375,
    "3": 0.0762125,
    "4": 0.0562875,
    "5": 0.042875,
    "6": 0.035525,
    "7": 0.02685,
    "8": 0.0221875,
    "9": 0.0188875,
    "10": 0.0144875,
    "11": 0.0127125,
    "12": 0.011,
    "13": 0.008525,
    "14": 0.007725,
    "15": 0.0060625,
    "16": 0.004675,
    "17": 0.003625,
    "18": 0.0032125,
    "19": 0.0028625,
    "20": 0.002075,
    "21": 0.001375,
    "22": 0.0011375,
    "23": 0.001,
    "24": 0.000775,
    "25": 0.000525,
    "26": 0.0002625,
    "27": 0.000225,
    "28": 0.0001125,
    "29": 7.5e-05,
    "30": 6.25e-05,
    "33": 6.25e-05,
    "31": 3.75e-05,
    "35": 1.25e-05,
    "32": 1.25e-05,
    "34": 1.25e-05
}