{
    "0": 0.290025,
    "1": 0.148325,
    "2": 0.095325,
    "3": 0.0712375,
    "4": 0.05325,
    "5": 0.0441125,
    "6": 0.0363125,
    "7": 0.0322875,
    "8": 0.0274875,
    "9": 0.023675,
    "10": 0.0210125,
    "11": 0.0187125,
    "12": 0.016125,
    "13": 0.0145125,
    "14": 0.01295,
    "15": 0.011375,
    "16": 0.010225,
    "17": 0.0087625,
    "18": 0.0081125,
    "19": 0.0064,
    "20": 0.005825,
    "21": 0.0052,
    "23": 0.0046875,
    "22": 0.004475,
    "24": 0.00365,
    "25": 0.003025,
    "27": 0.00265,
    "26": 0.0025625,
    "29": 0.0019875,
    "28": 0.0019125,
    "30": 0.001525,
    "31": 0.0013125,
    "33": 0.0013,
    "32": 0.001225,
    "35": 0.000925,
    "34": 0.0009,
    "36": 0.000625,
    "38": 0.0006,
    "39": 0.0005875,
    "37": 0.0005375,
    "40": 0.000425,
    "41": 0.0004,
    "44": 0.0003125,
    "42": 0.0003,
    "43": 0.0002875,
    "49": 0.0002625,
    "47": 0.00025,
    "45": 0.000225,
    "46": 0.0002125,
    "52": 0.000175,
    "50": 0.0001625,
    "55": 0.0001375,
    "54": 0.000125,
    "53": 0.0001,
    "60": 8.75e-05,
    "57": 8.75e-05,
    "58": 7.5e-05,
    "48": 7.5e-05,
    "51": 7.5e-05,
    "64": 6.25e-05,
    "67": 5e-05,
    "59": 5e-05,
    "61": 5e-05,
    "56": 5e-05,
    "66": 3.75e-05,
    "62": 3.75e-05,
    "63": 3.75e-05,
    "72": 2.5e-05,
    "65": 2.5e-05,
    "73": 1.25e-05,
    "71": 1.25e-05,
    "78": 1.25e-05,
    "70": 1.25e-05,
    "76": 1.25e-05
}