{
    "0": 0.2970125,
    "1": 0.1938,
    "2": 0.12335,
    "3": 0.08745,
    "4": 0.0653375,
    "5": 0.0503375,
    "6": 0.0388,
    "7": 0.03055,
    "8": 0.02465,
    "9": 0.019875,
    "10": 0.0156625,
    "11": 0.012225,
    "12": 0.0095,
    "13": 0.0075875,
    "14": 0.0065375,
    "15": 0.004575,
    "16": 0.003125,
    "17": 0.002725,
    "18": 0.002125,
    "19": 0.001425,
    "20": 0.0011125,
    "21": 0.000675,
    "22": 0.0005375,
    "23": 0.0003,
    "24": 0.00025,
    "26": 0.000175,
    "25": 0.00015,
    "27": 6.25e-05,
    "32": 2.5e-05,
    "28": 1.25e-05,
    "30": 1.25e-05,
    "33": 1.25e-05,
    "29": 1.25e-05,
    "37": 1.25e-05
}