{
    "0": 0.2937875,
    "1": 0.1895875,
    "2": 0.12895,
    "3": 0.0928125,
    "4": 0.0696,
    "5": 0.05235,
    "6": 0.0398,
    "7": 0.0319375,
    "8": 0.0254,
    "9": 0.0198375,
    "10": 0.01545,
    "11": 0.01115,
    "12": 0.008,
    "13": 0.00625,
    "14": 0.0046625,
    "15": 0.0035375,
    "16": 0.00215,
    "17": 0.0014875,
    "18": 0.0010375,
    "19": 0.0008875,
    "20": 0.0004625,
    "22": 0.000275,
    "21": 0.0002625,
    "23": 0.0001375,
    "24": 0.0001,
    "27": 3.75e-05,
    "25": 1.25e-05,
    "29": 1.25e-05,
    "30": 1.25e-05,
    "28": 1.25e-05
}