{
    "0": 0.3257,
    "1": 0.188025,
    "2": 0.1228375,
    "3": 0.0849,
    "4": 0.06075,
    "5": 0.0466,
    "6": 0.035925,
    "7": 0.02815,
    "8": 0.02145,
    "9": 0.0177875,
    "10": 0.0142125,
    "11": 0.0116375,
    "12": 0.00945,
    "13": 0.0074875,
    "14": 0.0058125,
    "15": 0.0046375,
    "16": 0.0036125,
    "17": 0.00305,
    "18": 0.002025,
    "19": 0.0019875,
    "20": 0.00095,
    "21": 0.0009125,
    "22": 0.000575,
    "23": 0.00045,
    "24": 0.00035,
    "26": 0.0002,
    "27": 0.0001375,
    "25": 0.0001375,
    "29": 7.5e-05,
    "28": 5e-05,
    "33": 5e-05,
    "31": 2.5e-05,
    "30": 2.5e-05,
    "32": 1.25e-05,
    "38": 1.25e-05
}