{
    "0": 0.29,
    "1": 0.13685,
    "2": 0.08548333333333333,
    "3": 0.061116666666666666,
    "4": 0.048233333333333336,
    "5": 0.03905,
    "6": 0.032633333333333334,
    "7": 0.02808333333333333,
    "8": 0.023883333333333333,
    "9": 0.021666666666666667,
    "10": 0.019683333333333334,
    "11": 0.017716666666666665,
    "12": 0.014916666666666667,
    "13": 0.01435,
    "14": 0.013183333333333333,
    "15": 0.011983333333333334,
    "16": 0.011466666666666667,
    "17": 0.00995,
    "19": 0.008966666666666666,
    "18": 0.0085,
    "20": 0.0082,
    "21": 0.00775,
    "22": 0.00675,
    "24": 0.006516666666666666,
    "23": 0.006333333333333333,
    "25": 0.0057,
    "26": 0.004733333333333333,
    "27": 0.004716666666666667,
    "28": 0.004183333333333333,
    "29": 0.0036,
    "31": 0.00335,
    "30": 0.00325,
    "33": 0.0031333333333333335,
    "32": 0.0029833333333333335,
    "34": 0.002766666666666667,
    "35": 0.0023833333333333332,
    "36": 0.002266666666666667,
    "37": 0.0019833333333333335,
    "38": 0.00195,
    "39": 0.0017333333333333333,
    "41": 0.0015166666666666666,
    "43": 0.0014166666666666668,
    "44": 0.0012666666666666666,
    "40": 0.0011833333333333333,
    "42": 0.00115,
    "46": 0.0010666666666666667,
    "45": 0.0010333333333333334,
    "47": 0.0009666666666666667,
    "48": 0.0009333333333333333,
    "52": 0.0006833333333333333,
    "49": 0.0005666666666666667,
    "50": 0.0005666666666666667,
    "53": 0.00045,
    "54": 0.00038333333333333334,
    "55": 0.00038333333333333334,
    "51": 0.00036666666666666667,
    "59": 0.0003333333333333333,
    "57": 0.00028333333333333335,
    "62": 0.00028333333333333335,
    "56": 0.00028333333333333335,
    "58": 0.0002666666666666667,
    "60": 0.00025,
    "61": 0.00023333333333333333,
    "67": 0.00015,
    "65": 0.00015,
    "66": 0.00013333333333333334,
    "72": 0.00013333333333333334,
    "70": 0.00011666666666666667,
    "74": 0.00011666666666666667,
    "63": 0.00011666666666666667,
    "68": 0.00011666666666666667,
    "64": 0.00011666666666666667,
    "69": 0.00011666666666666667,
    "71": 0.0001,
    "75": 0.0001,
    "79": 8.333333333333333e-05,
    "81": 8.333333333333333e-05,
    "91": 6.666666666666667e-05,
    "78": 5e-05,
    "73": 5e-05,
    "92": 3.3333333333333335e-05,
    "90": 3.3333333333333335e-05,
    "86": 3.3333333333333335e-05,
    "76": 3.3333333333333335e-05,
    "88": 3.3333333333333335e-05,
    "87": 3.3333333333333335e-05,
    "89": 1.6666666666666667e-05,
    "111": 1.6666666666666667e-05,
    "82": 1.6666666666666667e-05,
    "160": 1.6666666666666667e-05,
    "80": 1.6666666666666667e-05,
    "153": 1.6666666666666667e-05,
    "83": 1.6666666666666667e-05,
    "107": 1.6666666666666667e-05
}