{
    "0": 0.30036666666666667,
    "1": 0.1818,
    "2": 0.1197,
    "3": 0.08321666666666666,
    "4": 0.06211666666666667,
    "5": 0.047933333333333335,
    "6": 0.0381,
    "7": 0.02995,
    "8": 0.024416666666666666,
    "9": 0.021433333333333332,
    "10": 0.017916666666666668,
    "11": 0.014233333333333334,
    "12": 0.011833333333333333,
    "13": 0.009483333333333333,
    "14": 0.0071333333333333335,
    "15": 0.006316666666666667,
    "16": 0.005116666666666667,
    "17": 0.004383333333333334,
    "18": 0.0031666666666666666,
    "19": 0.00255,
    "20": 0.0020666666666666667,
    "21": 0.0017666666666666666,
    "22": 0.0012166666666666667,
    "23": 0.0010666666666666667,
    "25": 0.0006166666666666666,
    "24": 0.0005833333333333334,
    "26": 0.0005166666666666667,
    "27": 0.00031666666666666665,
    "30": 0.00016666666666666666,
    "29": 0.00015,
    "28": 0.00015,
    "31": 0.0001,
    "32": 6.666666666666667e-05,
    "35": 1.6666666666666667e-05,
    "33": 1.6666666666666667e-05,
    "44": 1.6666666666666667e-05
}