{
    "0": 0.30498333333333333,
    "1": 0.1432,
    "2": 0.09116666666666666,
    "3": 0.06325,
    "4": 0.049166666666666664,
    "5": 0.03975,
    "6": 0.03255,
    "7": 0.027333333333333334,
    "8": 0.02435,
    "9": 0.020133333333333333,
    "10": 0.017383333333333334,
    "11": 0.017,
    "12": 0.0148,
    "13": 0.01385,
    "14": 0.012266666666666667,
    "15": 0.010416666666666666,
    "17": 0.008933333333333333,
    "16": 0.008816666666666667,
    "18": 0.008716666666666666,
    "19": 0.0076,
    "20": 0.007016666666666667,
    "21": 0.006716666666666667,
    "22": 0.005883333333333333,
    "23": 0.005083333333333333,
    "24": 0.00485,
    "25": 0.0044666666666666665,
    "27": 0.003933333333333333,
    "26": 0.0038833333333333333,
    "28": 0.0036666666666666666,
    "30": 0.0031666666666666666,
    "29": 0.00315,
    "31": 0.0028,
    "32": 0.002533333333333333,
    "35": 0.002266666666666667,
    "33": 0.0022,
    "36": 0.00215,
    "37": 0.0019666666666666665,
    "34": 0.00195,
    "38": 0.0015166666666666666,
    "39": 0.0014333333333333333,
    "40": 0.0013166666666666667,
    "42": 0.0011,
    "41": 0.0010666666666666667,
    "43": 0.001,
    "46": 0.00075,
    "45": 0.0007166666666666667,
    "44": 0.00065,
    "47": 0.0006333333333333333,
    "50": 0.00055,
    "49": 0.0005333333333333334,
    "48": 0.0005,
    "51": 0.0004333333333333333,
    "52": 0.00036666666666666667,
    "57": 0.00035,
    "53": 0.00031666666666666665,
    "54": 0.00031666666666666665,
    "61": 0.00028333333333333335,
    "58": 0.0002666666666666667,
    "62": 0.0002666666666666667,
    "60": 0.0002666666666666667,
    "64": 0.00025,
    "56": 0.00021666666666666666,
    "55": 0.00018333333333333334,
    "63": 0.00015,
    "59": 0.00013333333333333334,
    "67": 0.00011666666666666667,
    "65": 0.0001,
    "70": 0.0001,
    "71": 8.333333333333333e-05,
    "66": 8.333333333333333e-05,
    "80": 6.666666666666667e-05,
    "73": 5e-05,
    "72": 5e-05,
    "69": 5e-05,
    "86": 5e-05,
    "68": 3.3333333333333335e-05,
    "92": 3.3333333333333335e-05,
    "74": 3.3333333333333335e-05,
    "87": 3.3333333333333335e-05,
    "78": 3.3333333333333335e-05,
    "90": 1.6666666666666667e-05,
    "109": 1.6666666666666667e-05,
    "93": 1.6666666666666667e-05,
    "88": 1.6666666666666667e-05,
    "79": 1.6666666666666667e-05,
    "83": 1.6666666666666667e-05,
    "84": 1.6666666666666667e-05,
    "98": 1.6666666666666667e-05,
    "76": 1.6666666666666667e-05,
    "81": 1.6666666666666667e-05
}