{
    "0": 0.3458,
    "1": 0.19826666666666667,
    "2": 0.1211,
    "3": 0.08486666666666667,
    "4": 0.05935,
    "5": 0.04296666666666667,
    "6": 0.031566666666666666,
    "7": 0.024366666666666665,
    "8": 0.020133333333333333,
    "9": 0.015133333333333334,
    "10": 0.0123,
    "11": 0.009483333333333333,
    "12": 0.007916666666666667,
    "13": 0.006116666666666667,
    "14": 0.0042,
    "15": 0.0037333333333333333,
    "16": 0.002766666666666667,
    "17": 0.00215,
    "18": 0.0019,
    "19": 0.0016333333333333334,
    "20": 0.00115,
    "21": 0.0009166666666666666,
    "23": 0.0006166666666666666,
    "22": 0.0004,
    "24": 0.0002666666666666667,
    "26": 0.00023333333333333333,
    "25": 0.00021666666666666666,
    "27": 0.00011666666666666667,
    "29": 0.0001,
    "28": 6.666666666666667e-05,
    "30": 6.666666666666667e-05,
    "33": 3.3333333333333335e-05,
    "32": 3.3333333333333335e-05,
    "34": 1.6666666666666667e-05,
    "31": 1.6666666666666667e-05
}