{
    "0": 0.27258333333333334,
    "1": 0.1503,
    "2": 0.09696666666666667,
    "3": 0.07145,
    "4": 0.05455,
    "5": 0.043916666666666666,
    "6": 0.037233333333333334,
    "7": 0.0313,
    "8": 0.02665,
    "9": 0.023116666666666667,
    "10": 0.020566666666666667,
    "11": 0.018783333333333332,
    "12": 0.016,
    "13": 0.01385,
    "14": 0.012916666666666667,
    "15": 0.011016666666666666,
    "16": 0.009566666666666666,
    "17": 0.00835,
    "18": 0.008166666666666666,
    "19": 0.007583333333333333,
    "20": 0.0061,
    "21": 0.006,
    "22": 0.005033333333333333,
    "23": 0.004316666666666667,
    "24": 0.004083333333333333,
    "26": 0.0036666666666666666,
    "25": 0.00355,
    "27": 0.0032833333333333334,
    "28": 0.00255,
    "29": 0.0023666666666666667,
    "30": 0.002183333333333333,
    "32": 0.002033333333333333,
    "31": 0.0018833333333333334,
    "33": 0.0018,
    "34": 0.0016,
    "35": 0.00155,
    "37": 0.0011666666666666668,
    "36": 0.0011666666666666668,
    "39": 0.0010666666666666667,
    "40": 0.0009166666666666666,
    "38": 0.0008833333333333333,
    "42": 0.0007,
    "41": 0.0006833333333333333,
    "43": 0.0006333333333333333,
    "44": 0.0006,
    "45": 0.00046666666666666666,
    "49": 0.00045,
    "47": 0.00045,
    "46": 0.0004,
    "48": 0.00038333333333333334,
    "51": 0.00036666666666666667,
    "50": 0.0003,
    "52": 0.00021666666666666666,
    "54": 0.00018333333333333334,
    "55": 0.00018333333333333334,
    "58": 0.00018333333333333334,
    "61": 0.00015,
    "59": 0.00013333333333333334,
    "60": 0.00013333333333333334,
    "69": 0.00011666666666666667,
    "57": 0.00011666666666666667,
    "53": 0.00011666666666666667,
    "62": 0.0001,
    "56": 8.333333333333333e-05,
    "65": 8.333333333333333e-05,
    "64": 6.666666666666667e-05,
    "66": 6.666666666666667e-05,
    "67": 5e-05,
    "73": 5e-05,
    "75": 5e-05,
    "71": 5e-05,
    "85": 3.3333333333333335e-05,
    "70": 3.3333333333333335e-05,
    "78": 3.3333333333333335e-05,
    "79": 3.3333333333333335e-05,
    "80": 3.3333333333333335e-05,
    "76": 3.3333333333333335e-05,
    "68": 3.3333333333333335e-05,
    "96": 1.6666666666666667e-05,
    "63": 1.6666666666666667e-05,
    "83": 1.6666666666666667e-05,
    "72": 1.6666666666666667e-05,
    "89": 1.6666666666666667e-05,
    "102": 1.6666666666666667e-05,
    "93": 1.6666666666666667e-05,
    "98": 1.6666666666666667e-05
}