{
    "0": 0.3279166666666667,
    "1": 0.17775,
    "2": 0.11556666666666666,
    "3": 0.0792,
    "4": 0.06048333333333333,
    "5": 0.04571666666666667,
    "6": 0.03626666666666667,
    "7": 0.030716666666666666,
    "8": 0.026116666666666667,
    "9": 0.020316666666666667,
    "10": 0.017466666666666665,
    "11": 0.013566666666666666,
    "12": 0.011283333333333333,
    "13": 0.009533333333333333,
    "14": 0.006783333333333333,
    "15": 0.006033333333333333,
    "16": 0.003933333333333333,
    "17": 0.0032,
    "18": 0.0022333333333333333,
    "19": 0.00205,
    "20": 0.0013666666666666666,
    "21": 0.0007833333333333334,
    "22": 0.0006333333333333333,
    "23": 0.00045,
    "24": 0.00028333333333333335,
    "26": 0.00013333333333333334,
    "25": 0.00011666666666666667,
    "28": 3.3333333333333335e-05,
    "30": 1.6666666666666667e-05,
    "27": 1.6666666666666667e-05,
    "31": 1.6666666666666667e-05,
    "32": 1.6666666666666667e-05
}