{
    "0": 0.33876666666666666,
    "1": 0.16588333333333333,
    "2": 0.0997,
    "3": 0.07371666666666667,
    "4": 0.053483333333333334,
    "5": 0.043833333333333335,
    "6": 0.03815,
    "7": 0.030816666666666666,
    "8": 0.027033333333333333,
    "9": 0.02385,
    "10": 0.01951666666666667,
    "11": 0.01755,
    "12": 0.014166666666666666,
    "13": 0.0121,
    "14": 0.0099,
    "15": 0.0085,
    "16": 0.0062,
    "17": 0.004566666666666667,
    "18": 0.0038833333333333333,
    "19": 0.0028833333333333332,
    "20": 0.0019166666666666666,
    "21": 0.0012833333333333334,
    "22": 0.0010333333333333334,
    "23": 0.0005833333333333334,
    "24": 0.0003,
    "25": 0.00015,
    "26": 0.00013333333333333334,
    "27": 3.3333333333333335e-05,
    "30": 3.3333333333333335e-05,
    "29": 1.6666666666666667e-05,
    "28": 1.6666666666666667e-05
}