{
    "0": 0.2895666666666667,
    "1": 0.17496666666666666,
    "2": 0.11395,
    "3": 0.08343333333333333,
    "4": 0.06581666666666666,
    "5": 0.0495,
    "6": 0.039,
    "7": 0.033883333333333335,
    "8": 0.0274,
    "9": 0.022383333333333335,
    "10": 0.0174,
    "11": 0.015,
    "12": 0.012683333333333333,
    "13": 0.010583333333333333,
    "14": 0.00875,
    "15": 0.007166666666666667,
    "16": 0.006516666666666666,
    "17": 0.005066666666666666,
    "18": 0.0041333333333333335,
    "19": 0.0029833333333333335,
    "20": 0.0020666666666666667,
    "21": 0.0017833333333333334,
    "22": 0.0014166666666666668,
    "23": 0.0011833333333333333,
    "24": 0.0008166666666666667,
    "25": 0.0007833333333333334,
    "26": 0.0005,
    "28": 0.00036666666666666667,
    "27": 0.00023333333333333333,
    "29": 0.0002,
    "32": 0.00018333333333333334,
    "30": 0.0001,
    "35": 6.666666666666667e-05,
    "31": 6.666666666666667e-05,
    "34": 3.3333333333333335e-05,
    "39": 1.6666666666666667e-05
}