{
    "0": 0.27466666666666667,
    "1": 0.17696666666666666,
    "2": 0.12195,
    "3": 0.08898333333333333,
    "4": 0.066,
    "5": 0.05345,
    "6": 0.0417,
    "7": 0.034466666666666666,
    "8": 0.028933333333333332,
    "9": 0.023166666666666665,
    "10": 0.017916666666666668,
    "11": 0.01545,
    "12": 0.011666666666666667,
    "13": 0.010383333333333333,
    "14": 0.0086,
    "15": 0.00595,
    "16": 0.005,
    "17": 0.0037166666666666667,
    "18": 0.00335,
    "19": 0.00215,
    "20": 0.0016833333333333333,
    "21": 0.00115,
    "22": 0.00085,
    "23": 0.0006166666666666666,
    "24": 0.00038333333333333334,
    "25": 0.00031666666666666665,
    "26": 0.00016666666666666666,
    "27": 0.00013333333333333334,
    "28": 0.0001,
    "30": 3.3333333333333335e-05,
    "29": 3.3333333333333335e-05,
    "31": 3.3333333333333335e-05,
    "32": 1.6666666666666667e-05,
    "33": 1.6666666666666667e-05
}