{
    "0": 0.27868333333333334,
    "1": 0.1536,
    "2": 0.09816666666666667,
    "3": 0.07228333333333334,
    "4": 0.05871666666666667,
    "5": 0.0449,
    "6": 0.03836666666666667,
    "7": 0.033016666666666666,
    "8": 0.027983333333333332,
    "9": 0.024733333333333333,
    "10": 0.020816666666666667,
    "11": 0.018166666666666668,
    "12": 0.01605,
    "13": 0.014983333333333333,
    "14": 0.01235,
    "15": 0.010966666666666666,
    "16": 0.00915,
    "18": 0.008016666666666667,
    "17": 0.007783333333333333,
    "20": 0.0057666666666666665,
    "19": 0.005733333333333333,
    "21": 0.00465,
    "22": 0.0045,
    "23": 0.0037,
    "24": 0.00345,
    "26": 0.0028833333333333332,
    "25": 0.00285,
    "27": 0.0020833333333333333,
    "28": 0.002033333333333333,
    "29": 0.00155,
    "33": 0.0012833333333333334,
    "30": 0.00115,
    "31": 0.00115,
    "34": 0.0010333333333333334,
    "32": 0.00085,
    "35": 0.0006666666666666666,
    "38": 0.0005666666666666667,
    "36": 0.0005166666666666667,
    "39": 0.0005166666666666667,
    "41": 0.0004333333333333333,
    "40": 0.00035,
    "37": 0.00035,
    "42": 0.0003,
    "46": 0.00028333333333333335,
    "43": 0.00025,
    "44": 0.00021666666666666666,
    "50": 0.00021666666666666666,
    "45": 0.00018333333333333334,
    "47": 0.00018333333333333334,
    "49": 0.00016666666666666666,
    "60": 0.00015,
    "51": 0.00015,
    "52": 0.00015,
    "48": 0.00011666666666666667,
    "53": 8.333333333333333e-05,
    "58": 6.666666666666667e-05,
    "56": 6.666666666666667e-05,
    "55": 6.666666666666667e-05,
    "54": 5e-05,
    "63": 5e-05,
    "59": 5e-05,
    "64": 5e-05,
    "57": 5e-05,
    "61": 3.3333333333333335e-05,
    "66": 3.3333333333333335e-05,
    "122": 1.6666666666666667e-05,
    "88": 1.6666666666666667e-05,
    "70": 1.6666666666666667e-05,
    "79": 1.6666666666666667e-05,
    "76": 1.6666666666666667e-05,
    "73": 1.6666666666666667e-05,
    "82": 1.6666666666666667e-05,
    "69": 1.6666666666666667e-05,
    "65": 1.6666666666666667e-05,
    "72": 1.6666666666666667e-05,
    "93": 1.6666666666666667e-05,
    "89": 1.6666666666666667e-05,
    "67": 1.6666666666666667e-05,
    "68": 1.6666666666666667e-05
}