{
    "0": 0.282,
    "1": 0.15035,
    "2": 0.0997,
    "3": 0.07546666666666667,
    "4": 0.05566666666666667,
    "5": 0.04545,
    "6": 0.03846666666666667,
    "7": 0.03185,
    "8": 0.0287,
    "9": 0.024316666666666667,
    "10": 0.0204,
    "11": 0.017333333333333333,
    "12": 0.015933333333333334,
    "13": 0.014216666666666667,
    "14": 0.0123,
    "15": 0.010833333333333334,
    "16": 0.0094,
    "17": 0.008516666666666667,
    "18": 0.007533333333333334,
    "19": 0.006733333333333333,
    "20": 0.0061,
    "21": 0.004966666666666667,
    "22": 0.0039,
    "23": 0.0037166666666666667,
    "24": 0.0030833333333333333,
    "25": 0.002616666666666667,
    "26": 0.0022833333333333334,
    "28": 0.0018666666666666666,
    "27": 0.0017333333333333333,
    "30": 0.00155,
    "29": 0.0014666666666666667,
    "32": 0.00135,
    "31": 0.0012833333333333334,
    "33": 0.0009166666666666666,
    "34": 0.0009166666666666666,
    "35": 0.0008833333333333333,
    "36": 0.00065,
    "38": 0.0006166666666666666,
    "37": 0.00048333333333333334,
    "39": 0.0004333333333333333,
    "43": 0.00036666666666666667,
    "44": 0.00035,
    "40": 0.0003333333333333333,
    "47": 0.00028333333333333335,
    "46": 0.0002666666666666667,
    "41": 0.0002666666666666667,
    "42": 0.00025,
    "45": 0.0002,
    "48": 0.00016666666666666666,
    "54": 0.00016666666666666666,
    "53": 0.00013333333333333334,
    "50": 0.00013333333333333334,
    "52": 0.00011666666666666667,
    "58": 8.333333333333333e-05,
    "49": 8.333333333333333e-05,
    "64": 8.333333333333333e-05,
    "61": 8.333333333333333e-05,
    "51": 6.666666666666667e-05,
    "62": 6.666666666666667e-05,
    "57": 5e-05,
    "70": 5e-05,
    "55": 5e-05,
    "59": 5e-05,
    "85": 3.3333333333333335e-05,
    "56": 3.3333333333333335e-05,
    "77": 3.3333333333333335e-05,
    "65": 3.3333333333333335e-05,
    "60": 3.3333333333333335e-05,
    "66": 1.6666666666666667e-05,
    "71": 1.6666666666666667e-05,
    "68": 1.6666666666666667e-05,
    "69": 1.6666666666666667e-05,
    "97": 1.6666666666666667e-05,
    "80": 1.6666666666666667e-05,
    "76": 1.6666666666666667e-05,
    "74": 1.6666666666666667e-05,
    "63": 1.6666666666666667e-05
}