{
    "0": 0.32313333333333333,
    "1": 0.17858333333333334,
    "2": 0.11698333333333333,
    "3": 0.0816,
    "4": 0.0594,
    "5": 0.0468,
    "6": 0.03596666666666667,
    "7": 0.030066666666666665,
    "8": 0.02405,
    "9": 0.020016666666666665,
    "10": 0.016033333333333333,
    "11": 0.014116666666666666,
    "12": 0.011016666666666666,
    "13": 0.00905,
    "14": 0.007483333333333333,
    "15": 0.0055,
    "16": 0.00505,
    "17": 0.00415,
    "18": 0.0028166666666666665,
    "19": 0.0022166666666666667,
    "20": 0.0016166666666666666,
    "21": 0.0012833333333333334,
    "22": 0.0011166666666666666,
    "23": 0.00055,
    "24": 0.0004333333333333333,
    "25": 0.00028333333333333335,
    "26": 0.00025,
    "28": 0.00016666666666666666,
    "27": 0.0001,
    "30": 5e-05,
    "29": 5e-05,
    "32": 3.3333333333333335e-05,
    "31": 1.6666666666666667e-05,
    "36": 1.6666666666666667e-05
}