{
    "0": 0.29668333333333335,
    "1": 0.151,
    "2": 0.09595,
    "3": 0.06906666666666667,
    "4": 0.05471666666666666,
    "5": 0.04471666666666667,
    "6": 0.0366,
    "7": 0.0319,
    "8": 0.027266666666666668,
    "9": 0.023333333333333334,
    "10": 0.021333333333333333,
    "11": 0.018233333333333334,
    "12": 0.016666666666666666,
    "13": 0.01475,
    "14": 0.0127,
    "15": 0.011566666666666666,
    "16": 0.008916666666666666,
    "17": 0.008116666666666666,
    "18": 0.007783333333333333,
    "19": 0.00575,
    "20": 0.004966666666666667,
    "21": 0.00495,
    "23": 0.0038166666666666666,
    "22": 0.0037,
    "24": 0.003266666666666667,
    "25": 0.0027166666666666667,
    "26": 0.0021333333333333334,
    "28": 0.00185,
    "27": 0.0017833333333333334,
    "29": 0.0016666666666666668,
    "30": 0.00125,
    "31": 0.0011833333333333333,
    "32": 0.0011,
    "33": 0.0010166666666666666,
    "34": 0.0009333333333333333,
    "35": 0.0007666666666666667,
    "36": 0.0006666666666666666,
    "37": 0.00065,
    "38": 0.0005,
    "43": 0.00035,
    "40": 0.00031666666666666665,
    "39": 0.0003,
    "46": 0.00028333333333333335,
    "42": 0.0002666666666666667,
    "41": 0.0002666666666666667,
    "48": 0.00025,
    "44": 0.00025,
    "47": 0.0002,
    "45": 0.0002,
    "50": 0.00016666666666666666,
    "53": 0.00015,
    "49": 0.00013333333333333334,
    "52": 0.0001,
    "51": 8.333333333333333e-05,
    "64": 8.333333333333333e-05,
    "56": 8.333333333333333e-05,
    "54": 8.333333333333333e-05,
    "57": 8.333333333333333e-05,
    "59": 6.666666666666667e-05,
    "55": 6.666666666666667e-05,
    "63": 5e-05,
    "61": 3.3333333333333335e-05,
    "58": 3.3333333333333335e-05,
    "65": 3.3333333333333335e-05,
    "69": 1.6666666666666667e-05,
    "74": 1.6666666666666667e-05,
    "60": 1.6666666666666667e-05,
    "62": 1.6666666666666667e-05,
    "66": 1.6666666666666667e-05,
    "68": 1.6666666666666667e-05
}